INSERT INTO Bus_Type VALUES ('General',5,44,2);
INSERT INTO Bus_Type VALUES ('AC',15,36,4);

INSERT INTO Pass_Type VALUES ('Weekly');
INSERT INTO Pass_Type VALUES ('Monthly');
INSERT INTO Pass_Type VALUES ('HalfYearly');
INSERT INTO Pass_Type VALUES ('Yearly');

INSERT INTO Bus Values (1,'GJ18CW6723','General',1240);
INSERT INTO Bus Values (2,'GJ18CW1736','General',3240);
INSERT INTO Bus Values (3,'GJ18CW9436','General',1020);
INSERT INTO Bus Values (4,'GJ18CW8344','General',1320);
INSERT INTO Bus Values (5,'GJ18CW8923','General',1190);
INSERT INTO Bus Values (6,'GJ18CW2389','General',1840);
INSERT INTO Bus Values (7,'GJ18CW6479','General',1910);
INSERT INTO Bus Values (8,'GJ18CW2378','General',3200);
INSERT INTO Bus Values (9,'GJ18CW5847','General',1920);
INSERT INTO Bus Values (10,'GJ18CW7492','General',1420);
INSERT INTO Bus Values (11,'GJ18CW7243','General',1250);
INSERT INTO Bus Values (12,'GJ18CW2894','General',3250);
INSERT INTO Bus Values (13,'GJ18CW9423','General',1000);
INSERT INTO Bus Values (14,'GJ18CW2879','General',1310);
INSERT INTO Bus Values (15,'GJ18CW4532','General',1200);
INSERT INTO Bus Values (16,'GJ18CW9502','General',1850);
INSERT INTO Bus Values (17,'GJ18CW9243','General',1900);
INSERT INTO Bus Values (18,'GJ18CW9356','General',3150);
INSERT INTO Bus Values (19,'GJ18CW8256','General',1940);
INSERT INTO Bus Values (20,'GJ18CW7887','General',1400);
INSERT INTO Bus Values (21,'GJ18CW9012','AC',2480);
INSERT INTO Bus Values (22,'GJ18CW9292','AC',2640);
INSERT INTO Bus Values (23,'GJ18CW9876','AC',2380);
INSERT INTO Bus Values (24,'GJ18CW9978','AC',3820);
INSERT INTO Bus Values (25,'GJ18CW9998','AC',2840);



INSERT INTO Sold_Passes VALUES ('General','Weekly','1-A',130,2);
INSERT INTO Sold_Passes VALUES ('General','Weekly','2-A',340,1);
INSERT INTO Sold_Passes VALUES ('General','Weekly','3-A',105,0);
INSERT INTO Sold_Passes VALUES ('General','Weekly','4-A',135,3);
INSERT INTO Sold_Passes VALUES ('General','Weekly','5-A',125,2);
INSERT INTO Sold_Passes VALUES ('General','Weekly','6-A',190,1);
INSERT INTO Sold_Passes VALUES ('General','Weekly','7-A',200,4);
INSERT INTO Sold_Passes VALUES ('General','Weekly','8-A',330,3);
INSERT INTO Sold_Passes VALUES ('General','Weekly','9-A',200,2);
INSERT INTO Sold_Passes VALUES ('General','Weekly','10-A',150,0);
INSERT INTO Sold_Passes VALUES ('General','Monthly','1-A',550,1);
INSERT INTO Sold_Passes VALUES ('General','Monthly','2-A',1450,1);
INSERT INTO Sold_Passes VALUES ('General','Monthly','3-A',460,1);
INSERT INTO Sold_Passes VALUES ('General','Monthly','4-A',590,2);
INSERT INTO Sold_Passes VALUES ('General','Monthly','5-A',535,3);
INSERT INTO Sold_Passes VALUES ('General','Monthly','6-A',820,2);
INSERT INTO Sold_Passes VALUES ('General','Monthly','7-A',860,3);
INSERT INTO Sold_Passes VALUES ('General','Monthly','8-A',1440,2);
INSERT INTO Sold_Passes VALUES ('General','Monthly','9-A',860,3);
INSERT INTO Sold_Passes VALUES ('General','Monthly','10-A',640,0);
INSERT INTO Sold_Passes VALUES ('General','HalfYearly','1-A',2700,3);
INSERT INTO Sold_Passes VALUES ('General','HalfYearly','2-A',7000,0);
INSERT INTO Sold_Passes VALUES ('General','HalfYearly','3-A',2200,0);
INSERT INTO Sold_Passes VALUES ('General','HalfYearly','4-A',2800,2);
INSERT INTO Sold_Passes VALUES ('General','HalfYearly','5-A',2600,2);
INSERT INTO Sold_Passes VALUES ('General','HalfYearly','6-A',3900,1);
INSERT INTO Sold_Passes VALUES ('General','HalfYearly','7-A',4100,1);
INSERT INTO Sold_Passes VALUES ('General','HalfYearly','8-A',6880,3);
INSERT INTO Sold_Passes VALUES ('General','HalfYearly','9-A',4100,2);
INSERT INTO Sold_Passes VALUES ('General','HalfYearly','10-A',3050,0);
INSERT INTO Sold_Passes VALUES ('General','Yearly','1-A',4450,3);
INSERT INTO Sold_Passes VALUES ('General','Yearly','2-A',11650,0);
INSERT INTO Sold_Passes VALUES ('General','Yearly','3-A',3650,1);
INSERT INTO Sold_Passes VALUES ('General','Yearly','4-A',4750,3);
INSERT INTO Sold_Passes VALUES ('General','Yearly','5-A',4300,1);
INSERT INTO Sold_Passes VALUES ('General','Yearly','6-A',6600,1);
INSERT INTO Sold_Passes VALUES ('General','Yearly','7-A',6850,2);
INSERT INTO Sold_Passes VALUES ('General','Yearly','8-A',11500,3);
INSERT INTO Sold_Passes VALUES ('General','Yearly','9-A',6900,0);
INSERT INTO Sold_Passes VALUES ('General','Yearly','10-A',5100,1);
INSERT INTO Sold_Passes VALUES ('AC','Weekly','1-A',260,4);
INSERT INTO Sold_Passes VALUES ('AC','Weekly','2-A',680,2);
INSERT INTO Sold_Passes VALUES ('AC','Weekly','3-A',210,0);
INSERT INTO Sold_Passes VALUES ('AC','Weekly','4-A',270,4);
INSERT INTO Sold_Passes VALUES ('AC','Weekly','5-A',250,3);
INSERT INTO Sold_Passes VALUES ('AC','Weekly','6-A',380,2);
INSERT INTO Sold_Passes VALUES ('AC','Weekly','7-A',400,1);
INSERT INTO Sold_Passes VALUES ('AC','Weekly','8-A',660,4);
INSERT INTO Sold_Passes VALUES ('AC','Weekly','9-A',400,0);
INSERT INTO Sold_Passes VALUES ('AC','Weekly','10-A',300,1);
INSERT INTO Sold_Passes VALUES ('AC','Monthly','1-A',1100,5);
INSERT INTO Sold_Passes VALUES ('AC','Monthly','2-A',2900,2);
INSERT INTO Sold_Passes VALUES ('AC','Monthly','3-A',920,0);
INSERT INTO Sold_Passes VALUES ('AC','Monthly','4-A',1180,1);
INSERT INTO Sold_Passes VALUES ('AC','Monthly','5-A',1070,3);
INSERT INTO Sold_Passes VALUES ('AC','Monthly','6-A',1640,0);
INSERT INTO Sold_Passes VALUES ('AC','Monthly','7-A',1720,2);
INSERT INTO Sold_Passes VALUES ('AC','Monthly','8-A',2880,2);
INSERT INTO Sold_Passes VALUES ('AC','Monthly','9-A',1720,1);
INSERT INTO Sold_Passes VALUES ('AC','Monthly','10-A',1280,2);
INSERT INTO Sold_Passes VALUES ('AC','HalfYearly','1-A',5400,3);
INSERT INTO Sold_Passes VALUES ('AC','HalfYearly','2-A',14000,1);
INSERT INTO Sold_Passes VALUES ('AC','HalfYearly','3-A',4400,0);
INSERT INTO Sold_Passes VALUES ('AC','HalfYearly','4-A',5600,3);
INSERT INTO Sold_Passes VALUES ('AC','HalfYearly','5-A',5200,4);
INSERT INTO Sold_Passes VALUES ('AC','HalfYearly','6-A',7800,1);
INSERT INTO Sold_Passes VALUES ('AC','HalfYearly','7-A',8200,0);
INSERT INTO Sold_Passes VALUES ('AC','HalfYearly','8-A',13760,2);
INSERT INTO Sold_Passes VALUES ('AC','HalfYearly','9-A',8200,0);
INSERT INTO Sold_Passes VALUES ('AC','HalfYearly','10-A',6100,1);
INSERT INTO Sold_Passes VALUES ('AC','Yearly','1-A',9900,3);
INSERT INTO Sold_Passes VALUES ('AC','Yearly','2-A',23300,2);
INSERT INTO Sold_Passes VALUES ('AC','Yearly','3-A',7300,0);
INSERT INTO Sold_Passes VALUES ('AC','Yearly','4-A',9500,3);
INSERT INTO Sold_Passes VALUES ('AC','Yearly','5-A',8600,2);
INSERT INTO Sold_Passes VALUES ('AC','Yearly','6-A',13200,1);
INSERT INTO Sold_Passes VALUES ('AC','Yearly','7-A',13700,3);
INSERT INTO Sold_Passes VALUES ('AC','Yearly','8-A',23000,2);
INSERT INTO Sold_Passes VALUES ('AC','Yearly','9-A',13800,0);
INSERT INTO Sold_Passes VALUES ('AC','Yearly','10-A',10200,2);

INSERT INTO Sold_Passes VALUES ('General','Weekly','1-B',130,2);
INSERT INTO Sold_Passes VALUES ('General','Weekly','2-B',340,1);
INSERT INTO Sold_Passes VALUES ('General','Weekly','3-B',105,0);
INSERT INTO Sold_Passes VALUES ('General','Weekly','4-B',135,3);
INSERT INTO Sold_Passes VALUES ('General','Weekly','5-B',125,2);
INSERT INTO Sold_Passes VALUES ('General','Weekly','6-B',190,1);
INSERT INTO Sold_Passes VALUES ('General','Weekly','7-B',200,4);
INSERT INTO Sold_Passes VALUES ('General','Weekly','8-B',330,3);
INSERT INTO Sold_Passes VALUES ('General','Weekly','9-B',200,2);
INSERT INTO Sold_Passes VALUES ('General','Weekly','10-B',150,0);
INSERT INTO Sold_Passes VALUES ('General','Monthly','1-B',550,1);
INSERT INTO Sold_Passes VALUES ('General','Monthly','2-B',1450,1);
INSERT INTO Sold_Passes VALUES ('General','Monthly','3-B',460,1);
INSERT INTO Sold_Passes VALUES ('General','Monthly','4-B',590,2);
INSERT INTO Sold_Passes VALUES ('General','Monthly','5-B',535,3);
INSERT INTO Sold_Passes VALUES ('General','Monthly','6-B',820,2);
INSERT INTO Sold_Passes VALUES ('General','Monthly','7-B',860,3);
INSERT INTO Sold_Passes VALUES ('General','Monthly','8-B',1440,2);
INSERT INTO Sold_Passes VALUES ('General','Monthly','9-B',860,3);
INSERT INTO Sold_Passes VALUES ('General','Monthly','10-B',640,0);
INSERT INTO Sold_Passes VALUES ('General','HalfYearly','1-B',2700,3);
INSERT INTO Sold_Passes VALUES ('General','HalfYearly','2-B',7000,0);
INSERT INTO Sold_Passes VALUES ('General','HalfYearly','3-B',2200,0);
INSERT INTO Sold_Passes VALUES ('General','HalfYearly','4-B',2800,2);
INSERT INTO Sold_Passes VALUES ('General','HalfYearly','5-B',2600,2);
INSERT INTO Sold_Passes VALUES ('General','HalfYearly','6-B',3900,1);
INSERT INTO Sold_Passes VALUES ('General','HalfYearly','7-B',4100,1);
INSERT INTO Sold_Passes VALUES ('General','HalfYearly','8-B',6880,3);
INSERT INTO Sold_Passes VALUES ('General','HalfYearly','9-B',4100,2);
INSERT INTO Sold_Passes VALUES ('General','HalfYearly','10-B',3050,0);
INSERT INTO Sold_Passes VALUES ('General','Yearly','1-B',4450,3);
INSERT INTO Sold_Passes VALUES ('General','Yearly','2-B',11650,0);
INSERT INTO Sold_Passes VALUES ('General','Yearly','3-B',3650,1);
INSERT INTO Sold_Passes VALUES ('General','Yearly','4-B',4750,3);
INSERT INTO Sold_Passes VALUES ('General','Yearly','5-B',4300,4);
INSERT INTO Sold_Passes VALUES ('General','Yearly','6-B',6600,1);
INSERT INTO Sold_Passes VALUES ('General','Yearly','7-B',6850,2);
INSERT INTO Sold_Passes VALUES ('General','Yearly','8-B',11500,3);
INSERT INTO Sold_Passes VALUES ('General','Yearly','9-B',6900,0);
INSERT INTO Sold_Passes VALUES ('General','Yearly','10-B',5100,1);
INSERT INTO Sold_Passes VALUES ('AC','Weekly','1-B',260,4);
INSERT INTO Sold_Passes VALUES ('AC','Weekly','2-B',680,2);
INSERT INTO Sold_Passes VALUES ('AC','Weekly','3-B',210,0);
INSERT INTO Sold_Passes VALUES ('AC','Weekly','4-B',270,4);
INSERT INTO Sold_Passes VALUES ('AC','Weekly','5-B',250,3);
INSERT INTO Sold_Passes VALUES ('AC','Weekly','6-B',380,2);
INSERT INTO Sold_Passes VALUES ('AC','Weekly','7-B',400,1);
INSERT INTO Sold_Passes VALUES ('AC','Weekly','8-B',660,4);
INSERT INTO Sold_Passes VALUES ('AC','Weekly','9-B',400,0);
INSERT INTO Sold_Passes VALUES ('AC','Weekly','10-B',300,1);
INSERT INTO Sold_Passes VALUES ('AC','Monthly','1-B',1100,5);
INSERT INTO Sold_Passes VALUES ('AC','Monthly','2-B',2900,2);
INSERT INTO Sold_Passes VALUES ('AC','Monthly','3-B',920,0);
INSERT INTO Sold_Passes VALUES ('AC','Monthly','4-B',1180,1);
INSERT INTO Sold_Passes VALUES ('AC','Monthly','5-B',1070,3);
INSERT INTO Sold_Passes VALUES ('AC','Monthly','6-B',1640,0);
INSERT INTO Sold_Passes VALUES ('AC','Monthly','7-B',1720,2);
INSERT INTO Sold_Passes VALUES ('AC','Monthly','8-B',2880,2);
INSERT INTO Sold_Passes VALUES ('AC','Monthly','9-B',1720,1);
INSERT INTO Sold_Passes VALUES ('AC','Monthly','10-B',1280,2);
INSERT INTO Sold_Passes VALUES ('AC','HalfYearly','1-B',5400,3);
INSERT INTO Sold_Passes VALUES ('AC','HalfYearly','2-B',14000,1);
INSERT INTO Sold_Passes VALUES ('AC','HalfYearly','3-B',4400,0);
INSERT INTO Sold_Passes VALUES ('AC','HalfYearly','4-B',5600,3);
INSERT INTO Sold_Passes VALUES ('AC','HalfYearly','5-B',5200,4);
INSERT INTO Sold_Passes VALUES ('AC','HalfYearly','6-B',7800,1);
INSERT INTO Sold_Passes VALUES ('AC','HalfYearly','7-B',8200,0);
INSERT INTO Sold_Passes VALUES ('AC','HalfYearly','8-B',13760,2);
INSERT INTO Sold_Passes VALUES ('AC','HalfYearly','9-B',8200,0);
INSERT INTO Sold_Passes VALUES ('AC','HalfYearly','10-B',6100,1);
INSERT INTO Sold_Passes VALUES ('AC','Yearly','1-B',9900,3);
INSERT INTO Sold_Passes VALUES ('AC','Yearly','2-B',23300,2);
INSERT INTO Sold_Passes VALUES ('AC','Yearly','3-B',7300,0);
INSERT INTO Sold_Passes VALUES ('AC','Yearly','4-B',9500,3);
INSERT INTO Sold_Passes VALUES ('AC','Yearly','5-B',8600,2);
INSERT INTO Sold_Passes VALUES ('AC','Yearly','6-B',13200,1);
INSERT INTO Sold_Passes VALUES ('AC','Yearly','7-B',13700,3);
INSERT INTO Sold_Passes VALUES ('AC','Yearly','8-B',23000,2);
INSERT INTO Sold_Passes VALUES ('AC','Yearly','9-B',13800,0);
INSERT INTO Sold_Passes VALUES ('AC','Yearly','10-B',10200,2);



INSERT INTO Has_Route VALUES (1,'1-A','08:00:00');
INSERT INTO Has_Route VALUES (1,'1-B','17:30:00');
INSERT INTO Has_Route VALUES (2,'2-A','08:30:00');
INSERT INTO Has_Route VALUES (2,'2-B','17:25:00');
INSERT INTO Has_Route VALUES (3,'3-A','09:00:00');
INSERT INTO Has_Route VALUES (3,'3-B','16:00:00');
INSERT INTO Has_Route VALUES (4,'4-A','08:15:00');
INSERT INTO Has_Route VALUES (4,'4-B','17:15:00');
INSERT INTO Has_Route VALUES (5,'5-A','07:45:00');
INSERT INTO Has_Route VALUES (5,'5-B','18:45:00');
INSERT INTO Has_Route VALUES (6,'6-A','07:00:00');
INSERT INTO Has_Route VALUES (6,'6-B','16:30:00');
INSERT INTO Has_Route VALUES (7,'7-A','07:30:00');
INSERT INTO Has_Route VALUES (7,'7-B','18:00:00');
INSERT INTO Has_Route VALUES (8,'8-A','08:00:00');
INSERT INTO Has_Route VALUES (8,'8-B','17:45:00');
INSERT INTO Has_Route VALUES (9,'9-A','09:00:00');
INSERT INTO Has_Route VALUES (9,'9-B','19:00:00');
INSERT INTO Has_Route VALUES (10,'10-A','07:15:00');
INSERT INTO Has_Route VALUES (10,'10-B','16:00:00');
INSERT INTO Has_Route VALUES (11,'1-A','11:00:00');
INSERT INTO Has_Route VALUES (11,'1-B','20:00:00');
INSERT INTO Has_Route VALUES (12,'2-A','11:30:00');
INSERT INTO Has_Route VALUES (12,'2-B','20:45:00');
INSERT INTO Has_Route VALUES (13,'3-A','10:30:00');
INSERT INTO Has_Route VALUES (13,'3-B','20:30:00');
INSERT INTO Has_Route VALUES (14,'4-A','11:15:00');
INSERT INTO Has_Route VALUES (14,'4-B','21:00:00');
INSERT INTO Has_Route VALUES (15,'5-A','10:45:00');
INSERT INTO Has_Route VALUES (15,'5-B','19:45:00');
INSERT INTO Has_Route VALUES (16,'6-A','10:30:00');
INSERT INTO Has_Route VALUES (16,'6-B','20:20:00');
INSERT INTO Has_Route VALUES (17,'7-A','11:30:00');
INSERT INTO Has_Route VALUES (17,'7-B','21:00:00');
INSERT INTO Has_Route VALUES (18,'8-A','11:00:00');
INSERT INTO Has_Route VALUES (18,'8-B','21:30:00');
INSERT INTO Has_Route VALUES (19,'9-A','10:30:00');
INSERT INTO Has_Route VALUES (19,'9-B','19:30:00');
INSERT INTO Has_Route VALUES (20,'10-A','11:45:00');
INSERT INTO Has_Route VALUES (20,'10-B','21:00:00');
INSERT INTO Has_Route VALUES (21,'1-A','14:00:00');
INSERT INTO Has_Route VALUES (21,'1-B','22:00:00');
INSERT INTO Has_Route VALUES (22,'4-A','13:30:00');
INSERT INTO Has_Route VALUES (22,'4-B','21:30:00');
INSERT INTO Has_Route VALUES (23,'5-A','13:00:00');
INSERT INTO Has_Route VALUES (23,'5-B','21:00:00');
INSERT INTO Has_Route VALUES (24,'7-A','13:45:00');
INSERT INTO Has_Route VALUES (24,'7-B','22:00:00');
INSERT INTO Has_Route VALUES (25,'10-A','14:00:00');
INSERT INTO Has_Route VALUES (25,'10-B','19:30:00');






