INSERT INTO Employee VALUES ('10101','Joy sinng','101','sector-21','Gandhinagar','382010');
INSERT INTO Employee VALUES ('10102','Roy Smith','101','sector-22','Gandhinagar','382010');
INSERT INTO Employee VALUES ('10201','Dany Lana','102','sector-11','Gandhinagar','382010');
INSERT INTO Employee VALUES ('10202','Riya Sharma','102','sector-1','Gandhinagar','382010');
INSERT INTO Employee VALUES ('10203','Priya Gupta','102','sector-14','Gandhinagar','382010');
INSERT INTO Employee VALUES ('10204','Kamal Kumar','102','sector-4','Gandhinagar','382010');
INSERT INTO Employee VALUES ('20101','Harry Patidar','201','sector-11','Gandhinagar','382010');
INSERT INTO Employee VALUES ('20102','Joss Roy','201','sector-7','Gandhinagar','382010');
INSERT INTO Employee VALUES ('20103','Sigi Mathu','201','sector-11','Gandhinagar','382010');
INSERT INTO Employee VALUES ('20201','Dany Cook','202','sector-5','Gandhinagar','382010');
INSERT INTO Employee VALUES ('20202','Marsh Shon','202','sector-4','Gandhinagar','382010');
INSERT INTO Employee VALUES ('30101','Rachit','301','sector-6','Gandhinagar','382010');
INSERT INTO Employee VALUES ('30102','Mayank Padhi','301','sector-14','Gandhinagar','382010');
INSERT INTO Employee VALUES ('30201','Ram Lakhan','302','sector-8','Gandhinagar','382010');
INSERT INTO Employee VALUES ('30202','Keary Jat','302','sector-21','Gandhinagar','382010');
INSERT INTO Employee VALUES ('40101','Naresh Mohan','401','sector-1','Gandhinagar','382010')
INSERT INTO Employee VALUES ('40102','Mahesh Puri','401','sector-17','Gandhinagar','382010');
INSERT INTO Employee VALUES ('40103','Anas Gori','401','sector-9','Gandhinagar','382010');
INSERT INTO Employee VALUES ('40104','Mradul Soni','401','sector-23','Gandhinagar','382010');
INSERT INTO Employee VALUES ('40105','Lakhan Patidar','401','sector-24','Gandhinagar','382010');
INSERT INTO Employee VALUES ('40106','Shivam Roy','401','sector-11','Gandhinagar','382010');
INSERT INTO Employee VALUES ('40107','Pankaj Jha','401','sector-22','Gandhinagar','382010');
INSERT INTO Employee VALUES ('40108','Karan sing','401','sector-26','Gandhinagar','382010');
INSERT INTO Employee VALUES ('40109','Mohit Tomar','401','sector-25','Gandhinagar','382010');

INSERT INTO Employee VALUES ('40110','Piyush Beniwal','401','sector-4','Gandhinagar','382010');
INSERT INTO Employee VALUES ('40111','Praneet Dhurve','401','sector-4','Gandhinagar','382010');
INSERT INTO Employee VALUES ('40112','Prashant Ladda','401','sector-12','Gandhinagar','382010');
INSERT INTO Employee VALUES ('40113','Shubham Verma','401','sector-1','Gandhinagar','382010');
INSERT INTO Employee VALUES ('40114','Deepak Verma','401','sector-21','Gandhinagar','382010');
INSERT INTO Employee VALUES ('40115','Manee Kongla','401','sector-28','Gandhinagar','382010');
INSERT INTO Employee VALUES ('40116','Mayank Pandey','401','sector-5','Gandhinagar','382010');
INSERT INTO Employee VALUES ('40117','Saurabh Shrivastva','401','sector-8','Gandhinagar','382010');
INSERT INTO Employee VALUES ('40118','Sourabh Yadav','401','sector-10','Gandhinagar','382010');
INSERT INTO Employee VALUES ('40119','Kapil Dev','401','sector-11','Gandhinagar','382010');
INSERT INTO Employee VALUES ('40120','Bittu Sharma','401','sector-12','Gandhinagar','382010');
INSERT INTO Employee VALUES ('40121','Maneesh Kulshresth','401','sector-18','Gandhinagar','382010');
INSERT INTO Employee VALUES ('40122','Akaash Chandra','401','sector-20','Gandhinagar','382010');
INSERT INTO Employee VALUES ('40123','Prabhu Yadav','401','sector-22','Gandhinagar','382010');
INSERT INTO Employee VALUES ('40124','Harsh Jain','401','sector-24','Gandhinagar','382010');
INSERT INTO Employee VALUES ('40125','Yash Kumar','401','sector-11','Gandhinagar','382010');



INSERT INTO Employee VALUES ('40201','Mudit Vyas','402','sector-5','Gandhinagar','382010');
INSERT INTO Employee VALUES ('40202','Suresh Prabhu','402','sector-4','Gandhinagar','382010');
INSERT INTO Employee VALUES ('40203','Alis Cooper','402','sector-16','Gandhinagar','382010');
INSERT INTO Employee VALUES ('40204','Ravi Jha','402','sector-1','Gandhinagar','382010');
INSERT INTO Employee VALUES ('40205','Ajay Rathi','402','sector-17','Gandhinagar','382010');
INSERT INTO Employee VALUES ('40206','Vijay Tank','402','sector-16','Gandhinagar','382010');
INSERT INTO Employee VALUES ('40207','Pankaj soni','402','sector-23','Gandhinagar','382010');
INSERT INTO Employee VALUES ('40208','Rohan Mathur','402','sector-4','Gandhinagar','382010');
INSERT INTO Employee VALUES ('40209','Piyush Kala','402','sector-14','Gandhinagar','382010');
INSERT INTO Employee VALUES ('40210','Ome yadav','402','sector-15','Gandhinagar','382010');
INSERT INTO Employee VALUES ('40211','Umesh Yadav','402','sector-27','Gandhinagar','382010');
INSERT INTO Employee VALUES ('40212','Prakhar Bahadur','402','sector-12','Gandhinagar','382010');
INSERT INTO Employee VALUES ('40213','Shashi lal','402','sector-23','Gandhinagar','382010');
INSERT INTO Employee VALUES ('40214','Kamal Nath','402','sector-13','Gandhinagar','382010');
INSERT INTO Employee VALUES ('40215','Ajay Kishore','402','sector-14','Gandhinagar','382010');
INSERT INTO Employee VALUES ('40216','Jitendra Sinha','402','sector-2','Gandhinagar','382010');
INSERT INTO Employee VALUES ('40217','Ramlal Sahai','402','sector-6','Gandhinagar','382010');
INSERT INTO Employee VALUES ('40218','Mukesh Babu','402','sector-15','Gandhinagar','382010');
INSERT INTO Employee VALUES ('40219','Shipranshu Sharma','402','sector-18','Gandhinagar','382010');
INSERT INTO Employee VALUES ('40220','Gaurav Singh','402','sector-20','Gandhinagar','382010');
INSERT INTO Employee VALUES ('40221','Ajay Rathi','402','sector-29','Gandhinagar','382010');
INSERT INTO Employee VALUES ('40222','Shekhar yadav','402','sector-11','Gandhinagar','382010');
INSERT INTO Employee VALUES ('40223','Shree yadav','402','sector-16','Gandhinagar','382010');
INSERT INTO Employee VALUES ('40224','Aalok Jain','402','sector-12','Gandhinagar','382010');
INSERT INTO Employee VALUES ('40225','Deepa Maravi','402','sector-17','Gandhinagar','382010');
INSERT INTO Employee VALUES ('40226','Manisha Sharma','402','sector-25','Gandhinagar','382010');


INSERT INTO Employee VALUES ('40301','Ankur Sharma','403','sector-7','Gandhinagar','382010');
INSERT INTO Employee VALUES ('40302','Zahid Khan','403','sector-8','Gandhinagar','382010');
INSERT INTO Employee VALUES ('40303','Aman Dhawal','403','sector-24','Gandhinagar','382010');
INSERT INTO Employee VALUES ('40304','Sahil Lada','403','sector-2','Gandhinagar','382010');
INSERT INTO Employee VALUES ('40401','Vikram Patel','404','sector-3','Gandhinagar','382010');
INSERT INTO Employee VALUES ('40402','Yamini Khanna','404','sector-9','Gandhinagar','382010');
INSERT INTO Employee VALUES ('40403','Mehul Seni','404','sector-13','Gandhinagar','382010');
INSERT INTO Employee VALUES ('40404','Nikunj Lana','404','sector-12','Gandhinagar','382010');
INSERT INTO Employee VALUES ('40405','Nikil Sing','405','sector-5','Gandhinagar','382010');
INSERT INTO Employee VALUES ('40406','Jay chobe','405','sector-9','Gandhinagar','382010');
INSERT INTO Employee VALUES ('40407','Kushal Rohit','405','sector-8','Gandhinagar','382010');
INSERT INTO Employee VALUES ('40408','Fezal Pathan','405','sector-19','Gandhinagar','382010');
INSERT INTO Employee VALUES ('50101','Sunny Prakash','501','sector-21','Gandhinagar','382010');
INSERT INTO Employee VALUES ('50102','Diraj Ambani','501','sector-12','Gandhinagar','382010');
INSERT INTO Employee VALUES ('50103','Deepak Solanki','501','sector-16','Gandhinagar','382010');
INSERT INTO Employee VALUES ('50104','Lalit Dhangar','501','sector-19','Gandhinagar','382010');
INSERT INTO Employee VALUES ('50201','Aswin Gore','502','sector-3','Gandhinagar','382010');
INSERT INTO Employee VALUES ('50501','Ayush Joshi','505','sector-28','Gandhinagar','382010');
INSERT INTO Employee VALUES ('50502','Anil Rana','505','sector-27','Gandhinagar','382010');
INSERT INTO Employee VALUES ('50503','Ahem Guju','505','sector-23','Gandhinagar','382010');
INSERT INTO Employee VALUES ('50301','Kunal Sing','503','sector-12','Gandhinagar','382010');
INSERT INTO Employee VALUES ('50504','Umed Khan','505','sector-13','Gandhinagar','382010');
INSERT INTO Employee VALUES ('50503','Vinod Khanna ','505','sector-27','Gandhinagar','382010');
INSERT INTO Employee VALUES ('50401','Binni Goyal','504','sector-25','Gandhinagar','382010');
INSERT INTO Employee VALUES ('50505','Hemanshu Patel','505','sector-3','Gandhinagar','382010');




INSERT INTO Employee_Type VALUES ('101','Clerk','1');
INSERT INTO Employee_Type VALUES ('102','Accountant','1');
INSERT INTO Employee_Type VALUES ('201','Bus_cleaner','2');
INSERT INTO Employee_Type VALUES ('202','Sweeper','2');
INSERT INTO Employee_Type VALUES ('301','Enquiry_operator','3');
INSERT INTO Employee_Type VALUES ('302','Messenger','3');
INSERT INTO Employee_Type VALUES ('401','Bus_driver','4');
INSERT INTO Employee_Type VALUES ('402','Conductor','4');
INSERT INTO Employee_Type VALUES ('403','Chief_Engineer','4');
INSERT INTO Employee_Type VALUES ('404','Mechanic','4');
INSERT INTO Employee_Type VALUES ('501','Station_master','5');  
INSERT INTO Employee_Type VALUES ('502','Cleanig_Supervisor','5');    
INSERT INTO Employee_Type VALUES ('503','Enquiry_Supervisor','5'); 
INSERT INTO Employee_Type VALUES ('504','Transport_Supervisor','5');
INSERT INTO Employee_Type VALUES ('505','Peon','2');




INSERT INTO Department VALUES ('1','Accounts','50301');
INSERT INTO Department VALUES ('2','Cleaning','50302');
INSERT INTO Department VALUES ('3','Enquiry','50303');
INSERT INTO Department VALUES ('4','Transport','50304');
INSERT INTO Department VALUES ('5','Management','50305');

INSERT INTO Contacts VALUES ('10101','9206897513'); 
INSERT INTO Contacts VALUES ('10101','8366040610');
INSERT INTO Contacts VALUES ('10101','9363978089'); 
INSERT INTO Contacts VALUES ('10102','7804735012'); 
INSERT INTO Contacts VALUES ('10102','9314238862');
 
INSERT INTO Contacts VALUES ('10201','8352255505'); 
INSERT INTO Contacts VALUES ('10202','9747666917'); 
INSERT INTO Contacts VALUES ('10202','9540178460'); 
INSERT INTO Contacts VALUES ('10203','8575680754');
INSERT INTO Contacts VALUES ('10203','7793218144');
INSERT INTO Contacts VALUES ('10204','9848350097'); 
INSERT INTO Contacts VALUES ('20101','8821394739'); 
INSERT INTO Contacts VALUES ('20101','9359764755'); 
INSERT INTO Contacts VALUES ('20102','9245870862'); 
INSERT INTO Contacts VALUES ('20103','9597618373'); 
INSERT INTO Contacts VALUES ('20103','8289587357');
 
INSERT INTO Contacts VALUES ('20201','7279967223'); 
INSERT INTO Contacts VALUES ('20201','9692342973'); 
INSERT INTO Contacts VALUES ('20202','8465453370'); 
INSERT INTO Contacts VALUES ('30101','9334649074'); 
INSERT INTO Contacts VALUES ('30101','7656771503'); 
INSERT INTO Contacts VALUES ('30102','9284279533');
INSERT INTO Contacts VALUES ('30102','8341982897');

INSERT INTO Contacts VALUES ('40102','7472121143'); 
INSERT INTO Contacts VALUES ('40102','9487135667'); 
INSERT INTO Contacts VALUES ('40101','8422632980'); 
INSERT INTO Contacts VALUES ('40101','9738677960'); 
INSERT INTO Contacts VALUES ('40103','7345248343'); 
INSERT INTO Contacts VALUES ('40103','9843194939'); 
INSERT INTO Contacts VALUES ('40104','8362998124'); 
INSERT INTO Contacts VALUES ('40105','7868812499'); 
INSERT INTO Contacts VALUES ('40105','9313434180'); 
INSERT INTO Contacts VALUES ('40106','8735385828'); 
INSERT INTO Contacts VALUES ('40107','9362398892'); 
INSERT INTO Contacts VALUES ('40107','7376852045'); 
INSERT INTO Contacts VALUES ('40110','9644090152'); 
INSERT INTO Contacts VALUES ('40108','8821071969');
INSERT INTO Contacts VALUES ('40109','7758499222'); 
INSERT INTO Contacts VALUES ('40110','9856250417'); 

INSERT INTO Contacts VALUES ('40202','8720685609'); 
INSERT INTO Contacts VALUES ('40201','9438167499'); 
INSERT INTO Contacts VALUES ('40203','7472025413'); 
INSERT INTO Contacts VALUES ('40204','9374875635'); 
INSERT INTO Contacts VALUES ('40205','8572182805'); 
INSERT INTO Contacts VALUES ('40205','7474069129'); 
INSERT INTO Contacts VALUES ('40206','9514847281'); 
INSERT INTO Contacts VALUES ('40207','8204191880'); 
INSERT INTO Contacts VALUES ('40208','9789444209'); 
INSERT INTO Contacts VALUES ('40209','7372327759'); 
INSERT INTO Contacts VALUES ('40210','9233612133'); 
INSERT INTO Contacts VALUES ('40210','8560443107');
 
INSERT INTO Contacts VALUES ('40301','7683622189'); 
INSERT INTO Contacts VALUES ('40302','9226648131'); 
INSERT INTO Contacts VALUES ('40302','8308401308'); 
INSERT INTO Contacts VALUES ('40303','9954436637');
INSERT INTO Contacts VALUES ('40304','8613342144');
INSERT INTO Contacts VALUES ('40304','9772537269');
 
INSERT INTO Contacts VALUES ('40401','8526611830'); 
INSERT INTO Contacts VALUES ('40402','7769274783'); 
INSERT INTO Contacts VALUES ('40402','9455814513'); 
INSERT INTO Contacts VALUES ('40402','8678219836'); 
INSERT INTO Contacts VALUES ('40403','9277917399'); 
INSERT INTO Contacts VALUES ('40403','8181476659'); 
INSERT INTO Contacts VALUES ('40404','9209764383');  
INSERT INTO Contacts VALUES ('40404','8551480326'); 
INSERT INTO Contacts VALUES ('40405','7389421996'); 
INSERT INTO Contacts VALUES ('40405','9438207388'); 
INSERT INTO Contacts VALUES ('40406','8688433425'); 
INSERT INTO Contacts VALUES ('40407','9880083428'); 
INSERT INTO Contacts VALUES ('40407','8620294218'); 
INSERT INTO Contacts VALUES ('40408','9460724391'); 
INSERT INTO Contacts VALUES ('50101','8418750602');
INSERT INTO Contacts VALUES ('50101','7528710182'); 
INSERT INTO Contacts VALUES ('50102','9214143777'); 
INSERT INTO Contacts VALUES ('50103','8580564420'); 
INSERT INTO Contacts VALUES ('50103','9820274429'); 
INSERT INTO Contacts VALUES ('50104','8446834869'); 
INSERT INTO Contacts VALUES ('50201','9762913683'); 
INSERT INTO Contacts VALUES ('50201','8704447821'); 
INSERT INTO Contacts VALUES ('50501','8864348904'); 
INSERT INTO Contacts VALUES ('50201','7687657621'); 
INSERT INTO Contacts VALUES ('50201','9613620477'); 
INSERT INTO Contacts VALUES ('50301','8880447738'); 
INSERT INTO Contacts VALUES ('50301','9601336380'); 
INSERT INTO Contacts VALUES ('50401','8557842176'); 
INSERT INTO Contacts VALUES ('50401','9571271422'); 
INSERT INTO Contacts VALUES ('50501','8708600207'); 
INSERT INTO Contacts VALUES ('50502','7759026399'); 
INSERT INTO Contacts VALUES ('50503','9731824119'); 
INSERT INTO Contacts VALUES ('50504','8486065510'); 
INSERT INTO Contacts VALUES ('50505','9810982384');



INSERT INTO Working_for VALUES (40113,'GJ18CW6723');
INSERT INTO Working_for VALUES (40119,'GJ18CW1736');
INSERT INTO Working_for VALUES (40107,'GJ18CW9436');
INSERT INTO Working_for  VALUES(40118,'GJ18CW8344');
INSERT INTO Working_for VALUES (40112,'GJ18CW8923');
INSERT INTO Working_for VALUES (40120,'GJ18CW2389');
INSERT INTO Working_for VALUES (40106,'GJ18CW6479');
INSERT INTO Working_for VALUES (40117,'GJ18CW2378');
INSERT INTO Working_for VALUES (40121,'GJ18CW5847');
INSERT INTO Working_for VALUES (40111,'GJ18CW7492');
INSERT INTO Working_for VALUES (40104,'GJ18CW7243');
INSERT INTO Working_for VALUES (40108,'GJ18CW2894');
INSERT INTO Working_for VALUES (40122,'GJ18CW9423');
INSERT INTO Working_for VALUES (40123,'GJ18CW2879');
INSERT INTO Working_for VALUES (40103,'GJ18CW4532');
INSERT INTO Working_for VALUES (40114,'GJ18CW9502');
INSERT INTO Working_for VALUES (40124,'GJ18CW9243');
INSERT INTO Working_for VALUES (40115,'GJ18CW9356');
INSERT INTO Working_for VALUES (40102,'GJ18CW8256');
INSERT INTO Working_for VALUES (40110,'GJ18CW7887');
INSERT INTO Working_for VALUES (40116,'GJ18CW9012');
INSERT INTO Working_for VALUES (40125,'GJ18CW9292');
INSERT INTO Working_for VALUES (40109,'GJ18CW9876');
INSERT INTO Working_for VALUES (40105,'GJ18CW9978');
INSERT INTO Working_for VALUES (40101,'GJ18CW9998');


INSERT INTO Working_for VALUES (40213,'GJ18CW6723');
INSERT INTO Working_for VALUES (40219,'GJ18CW1736');
INSERT INTO Working_for VALUES (40207,'GJ18CW9436');
INSERT INTO Working_for  VALUES(40218,'GJ18CW8344');
INSERT INTO Working_for VALUES (40212,'GJ18CW8923');
INSERT INTO Working_for VALUES (40220,'GJ18CW2389');
INSERT INTO Working_for VALUES (40206,'GJ18CW6479');
INSERT INTO Working_for VALUES (40217,'GJ18CW2378');
INSERT INTO Working_for VALUES (40221,'GJ18CW5847');
INSERT INTO Working_for VALUES (40211,'GJ18CW7492');
INSERT INTO Working_for VALUES (40204,'GJ18CW7243');
INSERT INTO Working_for VALUES (40208,'GJ18CW2894');
INSERT INTO Working_for VALUES (40222,'GJ18CW9423');
INSERT INTO Working_for VALUES (40223,'GJ18CW2879');
INSERT INTO Working_for VALUES (40203,'GJ18CW4532');
INSERT INTO Working_for VALUES (40214,'GJ18CW9502');
INSERT INTO Working_for VALUES (40224,'GJ18CW9243');
INSERT INTO Working_for VALUES (40215,'GJ18CW9356');
INSERT INTO Working_for VALUES (40202,'GJ18CW8256');
INSERT INTO Working_for VALUES (40210,'GJ18CW7887');
INSERT INTO Working_for VALUES (40216,'GJ18CW9012');
INSERT INTO Working_for VALUES (40225,'GJ18CW9292');
INSERT INTO Working_for VALUES (40209,'GJ18CW9876');
INSERT INTO Working_for VALUES (40205,'GJ18CW9978');
INSERT INTO Working_for VALUES (40201,'GJ18CW9998');